1,Connect Café,"Free, bookings essential",call 9658 9190 or email healthyageing@melbourne.vic.gov.au,"Our Connect Cafes provide tech help sessions with a trained and skilled Lively Tech Helper. Learn more about how to use your mobile, laptop or tablet to connect better with family and friends and research or discover new interests.",https://www.melbourne.vic.gov.au/community/health-support-services/for-older-people/programs-events/Pages/connect-cafe.aspx,"Kensington Neighbourhood Centre, 18 Anthony Street, Kensington, Victoria 3031",9am to 12pm,7/10/2022
2,Connect Café,"Free, bookings essential",call 9658 9190 or email healthyageing@melbourne.vic.gov.au,"Our Connect Cafes provide tech help sessions with a trained and skilled Lively Tech Helper. Learn more about how to use your mobile, laptop or tablet to connect better with family and friends and research or discover new interests.",https://www.melbourne.vic.gov.au/community/health-support-services/for-older-people/programs-events/Pages/connect-cafe.aspx,"Kensington Neighbourhood Centre, 18 Anthony Street, Kensington, VIC 3031",9am to 12pm,14/10/2022
3,Connect Café,"Free, bookings essential",call 9658 9190 or email healthyageing@melbourne.vic.gov.au,"Our Connect Cafes provide tech help sessions with a trained and skilled Lively Tech Helper. Learn more about how to use your mobile, laptop or tablet to connect better with family and friends and research or discover new interests.",https://www.melbourne.vic.gov.au/community/health-support-services/for-older-people/programs-events/Pages/connect-cafe.aspx,"Kensington Neighbourhood Centre, 18 Anthony Street, Kensington, VIC 3031",9am to 12pm,21/10/2022
4,Connect Café,"Free, bookings essential",call 9658 9190 or email healthyageing@melbourne.vic.gov.au,"Our Connect Cafes provide tech help sessions with a trained and skilled Lively Tech Helper. Learn more about how to use your mobile, laptop or tablet to connect better with family and friends and research or discover new interests.",https://www.melbourne.vic.gov.au/community/health-support-services/for-older-people/programs-events/Pages/connect-cafe.aspx,"Kensington Neighbourhood Centre, 18 Anthony Street, Kensington, VIC 3031",9am to 12pm,28/10/2022
5,Connect Café,"Free, bookings essential",call 9658 9190 or email healthyageing@melbourne.vic.gov.au,"Our Connect Cafes provide tech help sessions with a trained and skilled Lively Tech Helper. Learn more about how to use your mobile, laptop or tablet to connect better with family and friends and research or discover new interests.",https://www.melbourne.vic.gov.au/community/health-support-services/for-older-people/programs-events/Pages/connect-cafe.aspx,"Jean McKendry Neighbourhood Centre, 91-111 Melrose St, North Melbourne VIC 3051",,7/02/2023
6,Connect Café,"Free, bookings essential",call 9658 9190 or email healthyageing@melbourne.vic.gov.au,"Our Connect Cafes provide tech help sessions with a trained and skilled Lively Tech Helper. Learn more about how to use your mobile, laptop or tablet to connect better with family and friends and research or discover new interests.",https://www.melbourne.vic.gov.au/community/health-support-services/for-older-people/programs-events/Pages/connect-cafe.aspx,"Jean McKendry Neighbourhood Centre, 91-111 Melrose St, North Melbourne VIC 3051",,14/02/2023
7,Connect Café,"Free, bookings essential",call 9658 9190 or email healthyageing@melbourne.vic.gov.au,"Our Connect Cafes provide tech help sessions with a trained and skilled Lively Tech Helper. Learn more about how to use your mobile, laptop or tablet to connect better with family and friends and research or discover new interests.",https://www.melbourne.vic.gov.au/community/health-support-services/for-older-people/programs-events/Pages/connect-cafe.aspx,"Jean McKendry Neighbourhood Centre, 91-111 Melrose St, North Melbourne VIC 3051",,21/02/2023
8,Connect Café,"Free, bookings essential",call 9658 9190 or email healthyageing@melbourne.vic.gov.au,"Our Connect Cafes provide tech help sessions with a trained and skilled Lively Tech Helper. Learn more about how to use your mobile, laptop or tablet to connect better with family and friends and research or discover new interests.",https://www.melbourne.vic.gov.au/community/health-support-services/for-older-people/programs-events/Pages/connect-cafe.aspx,"Jean McKendry Neighbourhood Centre, 91-111 Melrose St, North Melbourne VIC 3051",,28/02/2023
9,Connect Café,"Free, bookings essential",call 9658 9190 or email healthyageing@melbourne.vic.gov.au,"Our Connect Cafes provide tech help sessions with a trained and skilled Lively Tech Helper. Learn more about how to use your mobile, laptop or tablet to connect better with family and friends and research or discover new interests.",https://www.melbourne.vic.gov.au/community/health-support-services/for-older-people/programs-events/Pages/connect-cafe.aspx,"Jean McKendry Neighbourhood Centre, 91-111 Melrose St, North Melbourne VIC 3051",,7/03/2023
10,Connect Café,"Free, bookings essential",call 9658 9190 or email healthyageing@melbourne.vic.gov.au,"Our Connect Cafes provide tech help sessions with a trained and skilled Lively Tech Helper. Learn more about how to use your mobile, laptop or tablet to connect better with family and friends and research or discover new interests.",https://www.melbourne.vic.gov.au/community/health-support-services/for-older-people/programs-events/Pages/connect-cafe.aspx,"Jean McKendry Neighbourhood Centre, 91-111 Melrose St, North Melbourne VIC 3051",,14/03/2023
11,Connect Café,"Free, bookings essential",call 9658 9190 or email healthyageing@melbourne.vic.gov.au,"Our Connect Cafes provide tech help sessions with a trained and skilled Lively Tech Helper. Learn more about how to use your mobile, laptop or tablet to connect better with family and friends and research or discover new interests.",https://www.melbourne.vic.gov.au/community/health-support-services/for-older-people/programs-events/Pages/connect-cafe.aspx,"Jean McKendry Neighbourhood Centre, 91-111 Melrose St, North Melbourne VIC 3051",,21/03/2023
12,Connect Café,"Free, bookings essential",call 9658 9190 or email healthyageing@melbourne.vic.gov.au,"Our Connect Cafes provide tech help sessions with a trained and skilled Lively Tech Helper. Learn more about how to use your mobile, laptop or tablet to connect better with family and friends and research or discover new interests.",https://www.melbourne.vic.gov.au/community/health-support-services/for-older-people/programs-events/Pages/connect-cafe.aspx,"Jean McKendry Neighbourhood Centre, 91-111 Melrose St, North Melbourne VIC 3051",,28/03/2023
13,Weekly exercise program,"Free, bookings essential",please contact Healthy Ageing on 9658 9190 or email healthyageing@melbourne.vic.gov.au,"This weekly session will focus on strength, balance, endurance and flexibility, and is facilitated by bilingual (Mandarin-speaking) personal trainer, Sharon Ng.",https://www.melbourne.vic.gov.au/community/health-support-services/for-older-people/programs-events/Pages/weekly-exercise-program.aspx,"Kensington Neighbourhood Centre, 18 Anthony Street, Kensington, VIC 3031",1pm to 2pm,3/10/2022
14,Weekly exercise program,"Free, bookings essential",please contact Healthy Ageing on 9658 9190 or email healthyageing@melbourne.vic.gov.au,"This weekly session will focus on strength, balance, endurance and flexibility, and is facilitated by bilingual (Mandarin-speaking) personal trainer, Sharon Ng.",https://www.melbourne.vic.gov.au/community/health-support-services/for-older-people/programs-events/Pages/weekly-exercise-program.aspx,"Kensington Neighbourhood Centre, 18 Anthony Street, Kensington, VIC 3031",1pm to 2pm,10/10/2022
15,Weekly exercise program,"Free, bookings essential",please contact Healthy Ageing on 9658 9190 or email healthyageing@melbourne.vic.gov.au,"This weekly session will focus on strength, balance, endurance and flexibility, and is facilitated by bilingual (Mandarin-speaking) personal trainer, Sharon Ng.",https://www.melbourne.vic.gov.au/community/health-support-services/for-older-people/programs-events/Pages/weekly-exercise-program.aspx,"Kensington Neighbourhood Centre, 18 Anthony Street, Kensington, VIC 3031",1pm to 2pm,17/10/2022
16,Weekly exercise program,"Free, bookings essential",please contact Healthy Ageing on 9658 9190 or email healthyageing@melbourne.vic.gov.au,"This weekly session will focus on strength, balance, endurance and flexibility, and is facilitated by bilingual (Mandarin-speaking) personal trainer, Sharon Ng.",https://www.melbourne.vic.gov.au/community/health-support-services/for-older-people/programs-events/Pages/weekly-exercise-program.aspx,"Kensington Neighbourhood Centre, 18 Anthony Street, Kensington, VIC 3031",1pm to 2pm,24/10/2022
17,Weekly exercise program,"Free, bookings essential",please contact Healthy Ageing on 9658 9190 or email healthyageing@melbourne.vic.gov.au,"This weekly session will focus on strength, balance, endurance and flexibility, and is facilitated by bilingual (Mandarin-speaking) personal trainer, Sharon Ng.",https://www.melbourne.vic.gov.au/community/health-support-services/for-older-people/programs-events/Pages/weekly-exercise-program.aspx,"Kensington Neighbourhood Centre, 18 Anthony Street, Kensington, VIC 3031",1pm to 2pm,31/10/2022
18,Weekly exercise program,"Free, bookings essential",please contact Healthy Ageing on 9658 9190 or email healthyageing@melbourne.vic.gov.au,"This weekly session will focus on strength, balance, endurance and flexibility, and is facilitated by bilingual (Mandarin-speaking) personal trainer, Sharon Ng.",https://www.melbourne.vic.gov.au/community/health-support-services/for-older-people/programs-events/Pages/weekly-exercise-program.aspx,"Kensington Neighbourhood Centre, 18 Anthony Street, Kensington, VIC 3031",1pm to 2pm,7/11/2022
19,Weekly exercise program,"Free, bookings essential",please contact Healthy Ageing on 9658 9190 or email healthyageing@melbourne.vic.gov.au,"This weekly session will focus on strength, balance, endurance and flexibility, and is facilitated by bilingual (Mandarin-speaking) personal trainer, Sharon Ng.",https://www.melbourne.vic.gov.au/community/health-support-services/for-older-people/programs-events/Pages/weekly-exercise-program.aspx,"Kensington Neighbourhood Centre, 18 Anthony Street, Kensington, VIC 3031",1pm to 2pm,14/11/2022
20,Weekly exercise program,"Free, bookings essential",please contact Healthy Ageing on 9658 9190 or email healthyageing@melbourne.vic.gov.au,"This weekly session will focus on strength, balance, endurance and flexibility, and is facilitated by bilingual (Mandarin-speaking) personal trainer, Sharon Ng.",https://www.melbourne.vic.gov.au/community/health-support-services/for-older-people/programs-events/Pages/weekly-exercise-program.aspx,"Kensington Neighbourhood Centre, 18 Anthony Street, Kensington, VIC 3031",1pm to 2pm,21/11/2022
21,Weekly exercise program,"Free, bookings essential",please contact Healthy Ageing on 9658 9190 or email healthyageing@melbourne.vic.gov.au,"This weekly session will focus on strength, balance, endurance and flexibility, and is facilitated by bilingual (Mandarin-speaking) personal trainer, Sharon Ng.",https://www.melbourne.vic.gov.au/community/health-support-services/for-older-people/programs-events/Pages/weekly-exercise-program.aspx,"Kensington Neighbourhood Centre, 18 Anthony Street, Kensington, VIC 3031",1pm to 2pm,28/11/2022
22,Weekly exercise program,"Free, bookings essential",please contact Healthy Ageing on 9658 9190 or email healthyageing@melbourne.vic.gov.au,"This weekly session will focus on strength, balance, endurance and flexibility, and is facilitated by bilingual (Mandarin-speaking) personal trainer, Sharon Ng.",https://www.melbourne.vic.gov.au/community/health-support-services/for-older-people/programs-events/Pages/weekly-exercise-program.aspx,"Kensington Neighbourhood Centre, 18 Anthony Street, Kensington, VIC 3031",1pm to 2pm,5/12/2022
23,Weekly exercise program,"Free, bookings essential",please contact Healthy Ageing on 9658 9190 or email healthyageing@melbourne.vic.gov.au,"This weekly session will focus on strength, balance, endurance and flexibility, and is facilitated by bilingual (Mandarin-speaking) personal trainer, Sharon Ng.",https://www.melbourne.vic.gov.au/community/health-support-services/for-older-people/programs-events/Pages/weekly-exercise-program.aspx,"Kensington Neighbourhood Centre, 18 Anthony Street, Kensington, VIC 3031",1pm to 2pm,12/12/2022
24,Weekly exercise program,"Free, bookings essential",please contact Healthy Ageing on 9658 9190 or email healthyageing@melbourne.vic.gov.au,"This weekly session will focus on strength, balance, endurance and flexibility, and is facilitated by bilingual (Mandarin-speaking) personal trainer, Sharon Ng.",https://www.melbourne.vic.gov.au/community/health-support-services/for-older-people/programs-events/Pages/weekly-exercise-program.aspx,"Kensington Neighbourhood Centre, 18 Anthony Street, Kensington, VIC 3031",1pm to 2pm,19/12/2022
25,Meditative movement," Free, register with us to receive the meeting link to join with Zoom or register to attend in person.",please contact Healthy Ageing on 9658 9190 or email healthyageing@melbourne.vic.gov.au,"Explore and experience the uniqueness of your own body through mediative movement, gentle yoga poses and guided relaxation. Refresh your body, mind and heart and release stress. No experience necessary and all abilities welcome. ",https://www.melbourne.vic.gov.au/community/health-support-services/for-older-people/programs-events/Pages/meditative-movement.aspx,Online via Zoom or from the big screen at South Yarra Senior Citizens Centre,10am to 11am,3/10/2022
26,Meditative movement," Free, register with us to receive the meeting link to join with Zoom or register to attend in person.",please contact Healthy Ageing on 9658 9190 or email healthyageing@melbourne.vic.gov.au,"Explore and experience the uniqueness of your own body through mediative movement, gentle yoga poses and guided relaxation. Refresh your body, mind and heart and release stress. No experience necessary and all abilities welcome. ",https://www.melbourne.vic.gov.au/community/health-support-services/for-older-people/programs-events/Pages/meditative-movement.aspx,Online via Zoom or from the big screen at South Yarra Senior Citizens Centre,10am to 11am,10/10/2022
27,Meditative movement," Free, register with us to receive the meeting link to join with Zoom or register to attend in person.",please contact Healthy Ageing on 9658 9190 or email healthyageing@melbourne.vic.gov.au,"Explore and experience the uniqueness of your own body through mediative movement, gentle yoga poses and guided relaxation. Refresh your body, mind and heart and release stress. No experience necessary and all abilities welcome. ",https://www.melbourne.vic.gov.au/community/health-support-services/for-older-people/programs-events/Pages/meditative-movement.aspx,Online via Zoom or from the big screen at South Yarra Senior Citizens Centre,10am to 11am,17/10/2022
28,Meditative movement," Free, register with us to receive the meeting link to join with Zoom or register to attend in person.",please contact Healthy Ageing on 9658 9190 or email healthyageing@melbourne.vic.gov.au,"Explore and experience the uniqueness of your own body through mediative movement, gentle yoga poses and guided relaxation. Refresh your body, mind and heart and release stress. No experience necessary and all abilities welcome. ",https://www.melbourne.vic.gov.au/community/health-support-services/for-older-people/programs-events/Pages/meditative-movement.aspx,Online via Zoom or from the big screen at South Yarra Senior Citizens Centre,10am to 11am,24/10/2022
29,Meditative movement," Free, register with us to receive the meeting link to join with Zoom or register to attend in person.",please contact Healthy Ageing on 9658 9190 or email healthyageing@melbourne.vic.gov.au,"Explore and experience the uniqueness of your own body through mediative movement, gentle yoga poses and guided relaxation. Refresh your body, mind and heart and release stress. No experience necessary and all abilities welcome. ",https://www.melbourne.vic.gov.au/community/health-support-services/for-older-people/programs-events/Pages/meditative-movement.aspx,Online via Zoom or from the big screen at South Yarra Senior Citizens Centre,10am to 11am,31/10/2022
30,Meditative movement," Free, register with us to receive the meeting link to join with Zoom or register to attend in person.",please contact Healthy Ageing on 9658 9190 or email healthyageing@melbourne.vic.gov.au,"Explore and experience the uniqueness of your own body through mediative movement, gentle yoga poses and guided relaxation. Refresh your body, mind and heart and release stress. No experience necessary and all abilities welcome. ",https://www.melbourne.vic.gov.au/community/health-support-services/for-older-people/programs-events/Pages/meditative-movement.aspx,Online via Zoom or from the big screen at South Yarra Senior Citizens Centre,10am to 11am,7/11/2022
31,Meditative movement," Free, register with us to receive the meeting link to join with Zoom or register to attend in person.",please contact Healthy Ageing on 9658 9190 or email healthyageing@melbourne.vic.gov.au,"Explore and experience the uniqueness of your own body through mediative movement, gentle yoga poses and guided relaxation. Refresh your body, mind and heart and release stress. No experience necessary and all abilities welcome. ",https://www.melbourne.vic.gov.au/community/health-support-services/for-older-people/programs-events/Pages/meditative-movement.aspx,Online via Zoom or from the big screen at South Yarra Senior Citizens Centre,10am to 11am,14/11/2022
32,Meditative movement," Free, register with us to receive the meeting link to join with Zoom or register to attend in person.",please contact Healthy Ageing on 9658 9190 or email healthyageing@melbourne.vic.gov.au,"Explore and experience the uniqueness of your own body through mediative movement, gentle yoga poses and guided relaxation. Refresh your body, mind and heart and release stress. No experience necessary and all abilities welcome. ",https://www.melbourne.vic.gov.au/community/health-support-services/for-older-people/programs-events/Pages/meditative-movement.aspx,Online via Zoom or from the big screen at South Yarra Senior Citizens Centre,10am to 11am,21/11/2022
33,Meditative movement," Free, register with us to receive the meeting link to join with Zoom or register to attend in person.",please contact Healthy Ageing on 9658 9190 or email healthyageing@melbourne.vic.gov.au,"Explore and experience the uniqueness of your own body through mediative movement, gentle yoga poses and guided relaxation. Refresh your body, mind and heart and release stress. No experience necessary and all abilities welcome. ",https://www.melbourne.vic.gov.au/community/health-support-services/for-older-people/programs-events/Pages/meditative-movement.aspx,Online via Zoom or from the big screen at South Yarra Senior Citizens Centre,10am to 11am,28/11/2022
34,Meditative movement," Free, register with us to receive the meeting link to join with Zoom or register to attend in person.",please contact Healthy Ageing on 9658 9190 or email healthyageing@melbourne.vic.gov.au,"Explore and experience the uniqueness of your own body through mediative movement, gentle yoga poses and guided relaxation. Refresh your body, mind and heart and release stress. No experience necessary and all abilities welcome. ",https://www.melbourne.vic.gov.au/community/health-support-services/for-older-people/programs-events/Pages/meditative-movement.aspx,Online via Zoom or from the big screen at South Yarra Senior Citizens Centre,10am to 11am,5/12/2022
35,Meditative movement," Free, register with us to receive the meeting link to join with Zoom or register to attend in person.",please contact Healthy Ageing on 9658 9190 or email healthyageing@melbourne.vic.gov.au,"Explore and experience the uniqueness of your own body through mediative movement, gentle yoga poses and guided relaxation. Refresh your body, mind and heart and release stress. No experience necessary and all abilities welcome. ",https://www.melbourne.vic.gov.au/community/health-support-services/for-older-people/programs-events/Pages/meditative-movement.aspx,Online via Zoom or from the big screen at South Yarra Senior Citizens Centre,10am to 11am,12/12/2022
36,Meditative movement," Free, register with us to receive the meeting link to join with Zoom or register to attend in person.",please contact Healthy Ageing on 9658 9190 or email healthyageing@melbourne.vic.gov.au,"Explore and experience the uniqueness of your own body through mediative movement, gentle yoga poses and guided relaxation. Refresh your body, mind and heart and release stress. No experience necessary and all abilities welcome. ",https://www.melbourne.vic.gov.au/community/health-support-services/for-older-people/programs-events/Pages/meditative-movement.aspx,Online via Zoom or from the big screen at South Yarra Senior Citizens Centre,10am to 11am,19/12/2022
37,Books and biscuits,"Free, bookings essential",please contact Healthy Ageing on 9658 9190 or email healthyageing@melbourne.vic.gov.au,"Join us every fortnight to read together and talk books while enjoying morning tea. Librarians will read poems, short stories, articles and chat about interesting topics. Tea, coffee and biscuits provided.",https://www.melbourne.vic.gov.au/community/health-support-services/for-older-people/programs-events/Pages/books-biscuits.aspx,"South Yarra Senior Citizens Centre, 65 Toorak Road West, South Yarra, VIC 3141",11am to 12pm,5/10/2022
38,Books and biscuits,"Free, bookings essential",please contact Healthy Ageing on 9658 9190 or email healthyageing@melbourne.vic.gov.au,"Join us every fortnight to read together and talk books while enjoying morning tea. Librarians will read poems, short stories, articles and chat about interesting topics. Tea, coffee and biscuits provided.",https://www.melbourne.vic.gov.au/community/health-support-services/for-older-people/programs-events/Pages/books-biscuits.aspx,"South Yarra Senior Citizens Centre, 65 Toorak Road West, South Yarra, VIC 3141",11am to 12pm,12/10/2022
39,Books and biscuits,"Free, bookings essential",please contact Healthy Ageing on 9658 9190 or email healthyageing@melbourne.vic.gov.au,"Join us every fortnight to read together and talk books while enjoying morning tea. Librarians will read poems, short stories, articles and chat about interesting topics. Tea, coffee and biscuits provided.",https://www.melbourne.vic.gov.au/community/health-support-services/for-older-people/programs-events/Pages/books-biscuits.aspx,"South Yarra Senior Citizens Centre, 65 Toorak Road West, South Yarra, VIC 3141",11am to 12pm,19/10/2022
40,Sensory garden,"Free, bookings essential",please contact Healthy Ageing on 9658 9190 or email healthyageing@melbourne.vic.gov.au,"A free program to enjoy gardening and morning tea in our beautiful, tranquil garden. Sensory Garden is a weekly social group which meets in the beautiful, tranquil garden at Kensington Neighbourhood Centre. This outdoor space is the perfect place to enjoy a free morning tea, socialise and take part in optional light gardening activities. A professional gardener from Cultivating Community is there to guide participants through hands on gardening activities designed to ignite the senses and facilitate a connection with nature. The group and activities are suitable for everyone, including people living with dementia and their carers.",https://www.melbourne.vic.gov.au/community/health-support-services/for-older-people/programs-events/Pages/sensory-garden.aspx,"Kensington Neighbourhood Centre, 18 Anthony Street, Kensington, VIC 3031",10:30am to 12:30pm,6/10/2022
41,Sensory garden,"Free, bookings essential",please contact Healthy Ageing on 9658 9190 or email healthyageing@melbourne.vic.gov.au,"A free program to enjoy gardening and morning tea in our beautiful, tranquil garden. Sensory Garden is a weekly social group which meets in the beautiful, tranquil garden at Kensington Neighbourhood Centre. This outdoor space is the perfect place to enjoy a free morning tea, socialise and take part in optional light gardening activities. A professional gardener from Cultivating Community is there to guide participants through hands on gardening activities designed to ignite the senses and facilitate a connection with nature. The group and activities are suitable for everyone, including people living with dementia and their carers.",https://www.melbourne.vic.gov.au/community/health-support-services/for-older-people/programs-events/Pages/sensory-garden.aspx,"Kensington Neighbourhood Centre, 18 Anthony Street, Kensington, VIC 3031",10:30am to 12:30pm,13/10/2022
42,Sensory garden,"Free, bookings essential",please contact Healthy Ageing on 9658 9190 or email healthyageing@melbourne.vic.gov.au,"A free program to enjoy gardening and morning tea in our beautiful, tranquil garden. Sensory Garden is a weekly social group which meets in the beautiful, tranquil garden at Kensington Neighbourhood Centre. This outdoor space is the perfect place to enjoy a free morning tea, socialise and take part in optional light gardening activities. A professional gardener from Cultivating Community is there to guide participants through hands on gardening activities designed to ignite the senses and facilitate a connection with nature. The group and activities are suitable for everyone, including people living with dementia and their carers.",https://www.melbourne.vic.gov.au/community/health-support-services/for-older-people/programs-events/Pages/sensory-garden.aspx,"Kensington Neighbourhood Centre, 18 Anthony Street, Kensington, VIC 3031",10:30am to 12:30pm,20/10/2022
43,Sensory garden,"Free, bookings essential",please contact Healthy Ageing on 9658 9190 or email healthyageing@melbourne.vic.gov.au,"A free program to enjoy gardening and morning tea in our beautiful, tranquil garden. Sensory Garden is a weekly social group which meets in the beautiful, tranquil garden at Kensington Neighbourhood Centre. This outdoor space is the perfect place to enjoy a free morning tea, socialise and take part in optional light gardening activities. A professional gardener from Cultivating Community is there to guide participants through hands on gardening activities designed to ignite the senses and facilitate a connection with nature. The group and activities are suitable for everyone, including people living with dementia and their carers.",https://www.melbourne.vic.gov.au/community/health-support-services/for-older-people/programs-events/Pages/sensory-garden.aspx,"Kensington Neighbourhood Centre, 18 Anthony Street, Kensington, VIC 3031",10:30am to 12:30pm,27/10/2022
44,Sensory garden,"Free, bookings essential",please contact Healthy Ageing on 9658 9190 or email healthyageing@melbourne.vic.gov.au,"A free program to enjoy gardening and morning tea in our beautiful, tranquil garden. Sensory Garden is a weekly social group which meets in the beautiful, tranquil garden at Kensington Neighbourhood Centre. This outdoor space is the perfect place to enjoy a free morning tea, socialise and take part in optional light gardening activities. A professional gardener from Cultivating Community is there to guide participants through hands on gardening activities designed to ignite the senses and facilitate a connection with nature. The group and activities are suitable for everyone, including people living with dementia and their carers.",https://www.melbourne.vic.gov.au/community/health-support-services/for-older-people/programs-events/Pages/sensory-garden.aspx,"Kensington Neighbourhood Centre, 18 Anthony Street, Kensington, VIC 3031",10:30am to 12:30pm,3/11/2022
45,Sensory garden,"Free, bookings essential",please contact Healthy Ageing on 9658 9190 or email healthyageing@melbourne.vic.gov.au,"A free program to enjoy gardening and morning tea in our beautiful, tranquil garden. Sensory Garden is a weekly social group which meets in the beautiful, tranquil garden at Kensington Neighbourhood Centre. This outdoor space is the perfect place to enjoy a free morning tea, socialise and take part in optional light gardening activities. A professional gardener from Cultivating Community is there to guide participants through hands on gardening activities designed to ignite the senses and facilitate a connection with nature. The group and activities are suitable for everyone, including people living with dementia and their carers.",https://www.melbourne.vic.gov.au/community/health-support-services/for-older-people/programs-events/Pages/sensory-garden.aspx,"Kensington Neighbourhood Centre, 18 Anthony Street, Kensington, VIC 3031",10:30am to 12:30pm,10/11/2022
46,Sensory garden,"Free, bookings essential",please contact Healthy Ageing on 9658 9190 or email healthyageing@melbourne.vic.gov.au,"A free program to enjoy gardening and morning tea in our beautiful, tranquil garden. Sensory Garden is a weekly social group which meets in the beautiful, tranquil garden at Kensington Neighbourhood Centre. This outdoor space is the perfect place to enjoy a free morning tea, socialise and take part in optional light gardening activities. A professional gardener from Cultivating Community is there to guide participants through hands on gardening activities designed to ignite the senses and facilitate a connection with nature. The group and activities are suitable for everyone, including people living with dementia and their carers.",https://www.melbourne.vic.gov.au/community/health-support-services/for-older-people/programs-events/Pages/sensory-garden.aspx,"Kensington Neighbourhood Centre, 18 Anthony Street, Kensington, VIC 3031",10:30am to 12:30pm,17/11/2022
47,Sensory garden,"Free, bookings essential",please contact Healthy Ageing on 9658 9190 or email healthyageing@melbourne.vic.gov.au,"A free program to enjoy gardening and morning tea in our beautiful, tranquil garden. Sensory Garden is a weekly social group which meets in the beautiful, tranquil garden at Kensington Neighbourhood Centre. This outdoor space is the perfect place to enjoy a free morning tea, socialise and take part in optional light gardening activities. A professional gardener from Cultivating Community is there to guide participants through hands on gardening activities designed to ignite the senses and facilitate a connection with nature. The group and activities are suitable for everyone, including people living with dementia and their carers.",https://www.melbourne.vic.gov.au/community/health-support-services/for-older-people/programs-events/Pages/sensory-garden.aspx,"Kensington Neighbourhood Centre, 18 Anthony Street, Kensington, VIC 3031",10:30am to 12:30pm,24/11/2022
48,Sensory garden,"Free, bookings essential",please contact Healthy Ageing on 9658 9190 or email healthyageing@melbourne.vic.gov.au,"A free program to enjoy gardening and morning tea in our beautiful, tranquil garden. Sensory Garden is a weekly social group which meets in the beautiful, tranquil garden at Kensington Neighbourhood Centre. This outdoor space is the perfect place to enjoy a free morning tea, socialise and take part in optional light gardening activities. A professional gardener from Cultivating Community is there to guide participants through hands on gardening activities designed to ignite the senses and facilitate a connection with nature. The group and activities are suitable for everyone, including people living with dementia and their carers.",https://www.melbourne.vic.gov.au/community/health-support-services/for-older-people/programs-events/Pages/sensory-garden.aspx,"Kensington Neighbourhood Centre, 18 Anthony Street, Kensington, VIC 3031",10:30am to 12:30pm,1/12/2022
49,Sensory garden,"Free, bookings essential",please contact Healthy Ageing on 9658 9190 or email healthyageing@melbourne.vic.gov.au,"A free program to enjoy gardening and morning tea in our beautiful, tranquil garden. Sensory Garden is a weekly social group which meets in the beautiful, tranquil garden at Kensington Neighbourhood Centre. This outdoor space is the perfect place to enjoy a free morning tea, socialise and take part in optional light gardening activities. A professional gardener from Cultivating Community is there to guide participants through hands on gardening activities designed to ignite the senses and facilitate a connection with nature. The group and activities are suitable for everyone, including people living with dementia and their carers.",https://www.melbourne.vic.gov.au/community/health-support-services/for-older-people/programs-events/Pages/sensory-garden.aspx,"Kensington Neighbourhood Centre, 18 Anthony Street, Kensington, VIC 3031",10:30am to 12:30pm,8/12/2022
50,Sensory garden,"Free, bookings essential",please contact Healthy Ageing on 9658 9190 or email healthyageing@melbourne.vic.gov.au,"A free program to enjoy gardening and morning tea in our beautiful, tranquil garden. Sensory Garden is a weekly social group which meets in the beautiful, tranquil garden at Kensington Neighbourhood Centre. This outdoor space is the perfect place to enjoy a free morning tea, socialise and take part in optional light gardening activities. A professional gardener from Cultivating Community is there to guide participants through hands on gardening activities designed to ignite the senses and facilitate a connection with nature. The group and activities are suitable for everyone, including people living with dementia and their carers.",https://www.melbourne.vic.gov.au/community/health-support-services/for-older-people/programs-events/Pages/sensory-garden.aspx,"Kensington Neighbourhood Centre, 18 Anthony Street, Kensington, VIC 3031",10:30am to 12:30pm,15/12/2022
51,Sensory garden,"Free, bookings essential",please contact Healthy Ageing on 9658 9190 or email healthyageing@melbourne.vic.gov.au,"A free program to enjoy gardening and morning tea in our beautiful, tranquil garden. Sensory Garden is a weekly social group which meets in the beautiful, tranquil garden at Kensington Neighbourhood Centre. This outdoor space is the perfect place to enjoy a free morning tea, socialise and take part in optional light gardening activities. A professional gardener from Cultivating Community is there to guide participants through hands on gardening activities designed to ignite the senses and facilitate a connection with nature. The group and activities are suitable for everyone, including people living with dementia and their carers.",https://www.melbourne.vic.gov.au/community/health-support-services/for-older-people/programs-events/Pages/sensory-garden.aspx,"Kensington Neighbourhood Centre, 18 Anthony Street, Kensington, VIC 3031",10:30am to 12:30pm,22/12/2022
52,Move for all fitness class,Standard: $15 Concession: $4.70 Memberships Starting From: $25,please contact Juanita Nielsen Community Centre on 02 9265 9146 or email jncc@cityofsydney.nsw.gov.au,"Fitness for all focuses on strengthening the core, improving bone density and increasing cardiovascular fitness and capacity. This class combines light resistance training and aerobic moves to work the full body. Suitable for all ages and mobility levels. Equipment: 1 - 2 kg dumbbells or equivalent. Instructor: Yin Chuah",https://whatson.cityofsydney.nsw.gov.au/events/full-body-burn,"Juanita Nielsen Community Centre, 31 Nicholson Street, Woolloomooloo NSW 2011",10:30am to 11:30am,10/10/2022
53,Move for all fitness class,Standard: $15 Concession: $4.70 Memberships Starting From: $25,please contact Juanita Nielsen Community Centre on 02 9265 9146 or email jncc@cityofsydney.nsw.gov.au,"Fitness for all focuses on strengthening the core, improving bone density and increasing cardiovascular fitness and capacity. This class combines light resistance training and aerobic moves to work the full body. Suitable for all ages and mobility levels. Equipment: 1 - 2 kg dumbbells or equivalent. Instructor: Yin Chuah",https://whatson.cityofsydney.nsw.gov.au/events/full-body-burn,"Juanita Nielsen Community Centre, 31 Nicholson Street, Woolloomooloo NSW 2011",10:30am to 11:30am,17/10/2022
54,Move for all fitness class,Standard: $15 Concession: $4.70 Memberships Starting From: $25,please contact Juanita Nielsen Community Centre on 02 9265 9146 or email jncc@cityofsydney.nsw.gov.au,"Fitness for all focuses on strengthening the core, improving bone density and increasing cardiovascular fitness and capacity. This class combines light resistance training and aerobic moves to work the full body. Suitable for all ages and mobility levels. Equipment: 1 - 2 kg dumbbells or equivalent. Instructor: Yin Chuah",https://whatson.cityofsydney.nsw.gov.au/events/full-body-burn,"Juanita Nielsen Community Centre, 31 Nicholson Street, Woolloomooloo NSW 2011",10:30am to 11:30am,24/10/2022
55,Move for all fitness class,Standard: $15 Concession: $4.70 Memberships Starting From: $25,please contact Juanita Nielsen Community Centre on 02 9265 9146 or email jncc@cityofsydney.nsw.gov.au,"Fitness for all focuses on strengthening the core, improving bone density and increasing cardiovascular fitness and capacity. This class combines light resistance training and aerobic moves to work the full body. Suitable for all ages and mobility levels. Equipment: 1 - 2 kg dumbbells or equivalent. Instructor: Yin Chuah",https://whatson.cityofsydney.nsw.gov.au/events/full-body-burn,"Juanita Nielsen Community Centre, 31 Nicholson Street, Woolloomooloo NSW 2011",10:30am to 11:30am,31/10/2022
56,Move for all fitness class,Standard: $15 Concession: $4.70 Memberships Starting From: $25,please contact Juanita Nielsen Community Centre on 02 9265 9146 or email jncc@cityofsydney.nsw.gov.au,"Fitness for all focuses on strengthening the core, improving bone density and increasing cardiovascular fitness and capacity. This class combines light resistance training and aerobic moves to work the full body. Suitable for all ages and mobility levels. Equipment: 1 - 2 kg dumbbells or equivalent. Instructor: Yin Chuah",https://whatson.cityofsydney.nsw.gov.au/events/full-body-burn,"Juanita Nielsen Community Centre, 31 Nicholson Street, Woolloomooloo NSW 2011",10:30am to 11:30am,7/11/2022
57,Move for all fitness class,Standard: $15 Concession: $4.70 Memberships Starting From: $25,please contact Juanita Nielsen Community Centre on 02 9265 9146 or email jncc@cityofsydney.nsw.gov.au,"Fitness for all focuses on strengthening the core, improving bone density and increasing cardiovascular fitness and capacity. This class combines light resistance training and aerobic moves to work the full body. Suitable for all ages and mobility levels. Equipment: 1 - 2 kg dumbbells or equivalent. Instructor: Yin Chuah",https://whatson.cityofsydney.nsw.gov.au/events/full-body-burn,"Juanita Nielsen Community Centre, 31 Nicholson Street, Woolloomooloo NSW 2011",10:30am to 11:30am,14/11/2022
58,Move for all fitness class,Standard: $15 Concession: $4.70 Memberships Starting From: $25,please contact Juanita Nielsen Community Centre on 02 9265 9146 or email jncc@cityofsydney.nsw.gov.au,"Fitness for all focuses on strengthening the core, improving bone density and increasing cardiovascular fitness and capacity. This class combines light resistance training and aerobic moves to work the full body. Suitable for all ages and mobility levels. Equipment: 1 - 2 kg dumbbells or equivalent. Instructor: Yin Chuah",https://whatson.cityofsydney.nsw.gov.au/events/full-body-burn,"Juanita Nielsen Community Centre, 31 Nicholson Street, Woolloomooloo NSW 2011",10:30am to 11:30am,21/11/2022
59,Move for all fitness class,Standard: $15 Concession: $4.70 Memberships Starting From: $25,please contact Juanita Nielsen Community Centre on 02 9265 9146 or email jncc@cityofsydney.nsw.gov.au,"Fitness for all focuses on strengthening the core, improving bone density and increasing cardiovascular fitness and capacity. This class combines light resistance training and aerobic moves to work the full body. Suitable for all ages and mobility levels. Equipment: 1 - 2 kg dumbbells or equivalent. Instructor: Yin Chuah",https://whatson.cityofsydney.nsw.gov.au/events/full-body-burn,"Juanita Nielsen Community Centre, 31 Nicholson Street, Woolloomooloo NSW 2011",10:30am to 11:30am,28/11/2022
60,Move for all fitness class,Standard: $15 Concession: $4.70 Memberships Starting From: $25,please contact Juanita Nielsen Community Centre on 02 9265 9146 or email jncc@cityofsydney.nsw.gov.au,"Fitness for all focuses on strengthening the core, improving bone density and increasing cardiovascular fitness and capacity. This class combines light resistance training and aerobic moves to work the full body. Suitable for all ages and mobility levels. Equipment: 1 - 2 kg dumbbells or equivalent. Instructor: Yin Chuah",https://whatson.cityofsydney.nsw.gov.au/events/full-body-burn,"Juanita Nielsen Community Centre, 31 Nicholson Street, Woolloomooloo NSW 2011",10:30am to 11:30am,5/12/2022
61,Move for all fitness class,Standard: $15 Concession: $4.70 Memberships Starting From: $25,please contact Juanita Nielsen Community Centre on 02 9265 9146 or email jncc@cityofsydney.nsw.gov.au,"Fitness for all focuses on strengthening the core, improving bone density and increasing cardiovascular fitness and capacity. This class combines light resistance training and aerobic moves to work the full body. Suitable for all ages and mobility levels. Equipment: 1 - 2 kg dumbbells or equivalent. Instructor: Yin Chuah",https://whatson.cityofsydney.nsw.gov.au/events/full-body-burn,"Juanita Nielsen Community Centre, 31 Nicholson Street, Woolloomooloo NSW 2011",10:30am to 11:30am,12/12/2022
62,Move for all fitness class,Standard: $15 Concession: $4.70 Memberships Starting From: $25,please contact Juanita Nielsen Community Centre on 02 9265 9146 or email jncc@cityofsydney.nsw.gov.au,"Fitness for all focuses on strengthening the core, improving bone density and increasing cardiovascular fitness and capacity. This class combines light resistance training and aerobic moves to work the full body. Suitable for all ages and mobility levels. Equipment: 1 - 2 kg dumbbells or equivalent. Instructor: Yin Chuah",https://whatson.cityofsydney.nsw.gov.au/events/full-body-burn,"Juanita Nielsen Community Centre, 31 Nicholson Street, Woolloomooloo NSW 2011",10:30am to 11:30am,19/12/2022
63,Social art & craft group,"Free, bookings essential",please contact lrobinson@cityofsydney.nsw.gov.au,"Join this friendly social group on Mondays to make new friends and learn new skills from each other. Everyone works on their own art and craft projects. Some people are knitters, some do croquet while some others are painting, drawing or doing scrapbooking. It's a great opportunity to learn from others how to do their craft too. Bring your own supplies. Everyone welcome! The Cliff Noble Community Centre is open Monday to Friday 9.30am until 3.30pm- free computer use, Wifi, tea/coffee facilities with biscuits.",https://whatson.cityofsydney.nsw.gov.au/events/art-and-craft-group,"Cliff Noble Community Centre, Corner Renwick and Suttor Streets, Alexandria NSW 2015",1pm to 3pm,3/10/2022
64,Social art & craft group,"Free, bookings essential",please contact lrobinson@cityofsydney.nsw.gov.au,"Join this friendly social group on Mondays to make new friends and learn new skills from each other. Everyone works on their own art and craft projects. Some people are knitters, some do croquet while some others are painting, drawing or doing scrapbooking. It's a great opportunity to learn from others how to do their craft too. Bring your own supplies. Everyone welcome! The Cliff Noble Community Centre is open Monday to Friday 9.30am until 3.30pm- free computer use, Wifi, tea/coffee facilities with biscuits.",https://whatson.cityofsydney.nsw.gov.au/events/art-and-craft-group,"Cliff Noble Community Centre, Corner Renwick and Suttor Streets, Alexandria NSW 2015",1pm to 3pm,10/10/2022
65,Social art & craft group,"Free, bookings essential",please contact lrobinson@cityofsydney.nsw.gov.au,"Join this friendly social group on Mondays to make new friends and learn new skills from each other. Everyone works on their own art and craft projects. Some people are knitters, some do croquet while some others are painting, drawing or doing scrapbooking. It's a great opportunity to learn from others how to do their craft too. Bring your own supplies. Everyone welcome! The Cliff Noble Community Centre is open Monday to Friday 9.30am until 3.30pm- free computer use, Wifi, tea/coffee facilities with biscuits.",https://whatson.cityofsydney.nsw.gov.au/events/art-and-craft-group,"Cliff Noble Community Centre, Corner Renwick and Suttor Streets, Alexandria NSW 2015",1pm to 3pm,17/10/2022
66,Social art & craft group,"Free, bookings essential",please contact lrobinson@cityofsydney.nsw.gov.au,"Join this friendly social group on Mondays to make new friends and learn new skills from each other. Everyone works on their own art and craft projects. Some people are knitters, some do croquet while some others are painting, drawing or doing scrapbooking. It's a great opportunity to learn from others how to do their craft too. Bring your own supplies. Everyone welcome! The Cliff Noble Community Centre is open Monday to Friday 9.30am until 3.30pm- free computer use, Wifi, tea/coffee facilities with biscuits.",https://whatson.cityofsydney.nsw.gov.au/events/art-and-craft-group,"Cliff Noble Community Centre, Corner Renwick and Suttor Streets, Alexandria NSW 2015",1pm to 3pm,24/10/2022
67,Social art & craft group,"Free, bookings essential",please contact lrobinson@cityofsydney.nsw.gov.au,"Join this friendly social group on Mondays to make new friends and learn new skills from each other. Everyone works on their own art and craft projects. Some people are knitters, some do croquet while some others are painting, drawing or doing scrapbooking. It's a great opportunity to learn from others how to do their craft too. Bring your own supplies. Everyone welcome! The Cliff Noble Community Centre is open Monday to Friday 9.30am until 3.30pm- free computer use, Wifi, tea/coffee facilities with biscuits.",https://whatson.cityofsydney.nsw.gov.au/events/art-and-craft-group,"Cliff Noble Community Centre, Corner Renwick and Suttor Streets, Alexandria NSW 2015",1pm to 3pm,31/10/2022
68,Social art & craft group,"Free, bookings essential",please contact lrobinson@cityofsydney.nsw.gov.au,"Join this friendly social group on Mondays to make new friends and learn new skills from each other. Everyone works on their own art and craft projects. Some people are knitters, some do croquet while some others are painting, drawing or doing scrapbooking. It's a great opportunity to learn from others how to do their craft too. Bring your own supplies. Everyone welcome! The Cliff Noble Community Centre is open Monday to Friday 9.30am until 3.30pm- free computer use, Wifi, tea/coffee facilities with biscuits.",https://whatson.cityofsydney.nsw.gov.au/events/art-and-craft-group,"Cliff Noble Community Centre, Corner Renwick and Suttor Streets, Alexandria NSW 2015",1pm to 3pm,7/11/2022
69,Social art & craft group,"Free, bookings essential",please contact lrobinson@cityofsydney.nsw.gov.au,"Join this friendly social group on Mondays to make new friends and learn new skills from each other. Everyone works on their own art and craft projects. Some people are knitters, some do croquet while some others are painting, drawing or doing scrapbooking. It's a great opportunity to learn from others how to do their craft too. Bring your own supplies. Everyone welcome! The Cliff Noble Community Centre is open Monday to Friday 9.30am until 3.30pm- free computer use, Wifi, tea/coffee facilities with biscuits.",https://whatson.cityofsydney.nsw.gov.au/events/art-and-craft-group,"Cliff Noble Community Centre, Corner Renwick and Suttor Streets, Alexandria NSW 2015",1pm to 3pm,14/11/2022
70,Social art & craft group,"Free, bookings essential",please contact lrobinson@cityofsydney.nsw.gov.au,"Join this friendly social group on Mondays to make new friends and learn new skills from each other. Everyone works on their own art and craft projects. Some people are knitters, some do croquet while some others are painting, drawing or doing scrapbooking. It's a great opportunity to learn from others how to do their craft too. Bring your own supplies. Everyone welcome! The Cliff Noble Community Centre is open Monday to Friday 9.30am until 3.30pm- free computer use, Wifi, tea/coffee facilities with biscuits.",https://whatson.cityofsydney.nsw.gov.au/events/art-and-craft-group,"Cliff Noble Community Centre, Corner Renwick and Suttor Streets, Alexandria NSW 2015",1pm to 3pm,21/11/2022
71,Social art & craft group,"Free, bookings essential",please contact lrobinson@cityofsydney.nsw.gov.au,"Join this friendly social group on Mondays to make new friends and learn new skills from each other. Everyone works on their own art and craft projects. Some people are knitters, some do croquet while some others are painting, drawing or doing scrapbooking. It's a great opportunity to learn from others how to do their craft too. Bring your own supplies. Everyone welcome! The Cliff Noble Community Centre is open Monday to Friday 9.30am until 3.30pm- free computer use, Wifi, tea/coffee facilities with biscuits.",https://whatson.cityofsydney.nsw.gov.au/events/art-and-craft-group,"Cliff Noble Community Centre, Corner Renwick and Suttor Streets, Alexandria NSW 2015",1pm to 3pm,28/11/2022
72,Social art & craft group,"Free, bookings essential",please contact lrobinson@cityofsydney.nsw.gov.au,"Join this friendly social group on Mondays to make new friends and learn new skills from each other. Everyone works on their own art and craft projects. Some people are knitters, some do croquet while some others are painting, drawing or doing scrapbooking. It's a great opportunity to learn from others how to do their craft too. Bring your own supplies. Everyone welcome! The Cliff Noble Community Centre is open Monday to Friday 9.30am until 3.30pm- free computer use, Wifi, tea/coffee facilities with biscuits.",https://whatson.cityofsydney.nsw.gov.au/events/art-and-craft-group,"Cliff Noble Community Centre, Corner Renwick and Suttor Streets, Alexandria NSW 2015",1pm to 3pm,5/12/2022
73,Social art & craft group,"Free, bookings essential",please contact lrobinson@cityofsydney.nsw.gov.au,"Join this friendly social group on Mondays to make new friends and learn new skills from each other. Everyone works on their own art and craft projects. Some people are knitters, some do croquet while some others are painting, drawing or doing scrapbooking. It's a great opportunity to learn from others how to do their craft too. Bring your own supplies. Everyone welcome! The Cliff Noble Community Centre is open Monday to Friday 9.30am until 3.30pm- free computer use, Wifi, tea/coffee facilities with biscuits.",https://whatson.cityofsydney.nsw.gov.au/events/art-and-craft-group,"Cliff Noble Community Centre, Corner Renwick and Suttor Streets, Alexandria NSW 2015",1pm to 3pm,12/12/2022
74,Social art & craft group,"Free, bookings essential",please contact lrobinson@cityofsydney.nsw.gov.au,"Join this friendly social group on Mondays to make new friends and learn new skills from each other. Everyone works on their own art and craft projects. Some people are knitters, some do croquet while some others are painting, drawing or doing scrapbooking. It's a great opportunity to learn from others how to do their craft too. Bring your own supplies. Everyone welcome! The Cliff Noble Community Centre is open Monday to Friday 9.30am until 3.30pm- free computer use, Wifi, tea/coffee facilities with biscuits.",https://whatson.cityofsydney.nsw.gov.au/events/art-and-craft-group,"Cliff Noble Community Centre, Corner Renwick and Suttor Streets, Alexandria NSW 2015",1pm to 3pm,19/12/2022
75,"Computer, tablet and mobile phone tech support","Free, bookings essential",please contact lrobinson@cityofsydney.nsw.gov.au,"Our computer troubleshooting class teacher can help you with problems you are having with your mobile phone or tablet/iPad, your laptop or even one of our onsite computers. The troubleshooting session is relaxed, the teacher checks what each person needs help with and works his way around the group. The session happens every Monday so you can get help each week to solve your digital problems. The Cliff Noble Community Centre is open Monday to Friday 930am until 3.30pm- free computer use, WIFI, tea/coffee facilities with biscuits.",https://whatson.cityofsydney.nsw.gov.au/events/computer-tablet-and-mobile-phone-tech-support,"Cliff Noble Community Centre, Corner Renwick and Suttor Streets, Alexandria NSW 2015",10am to 12pm,3/10/2022
76,"Computer, tablet and mobile phone tech support","Free, bookings essential",please contact lrobinson@cityofsydney.nsw.gov.au,"Our computer troubleshooting class teacher can help you with problems you are having with your mobile phone or tablet/iPad, your laptop or even one of our onsite computers. The troubleshooting session is relaxed, the teacher checks what each person needs help with and works his way around the group. The session happens every Monday so you can get help each week to solve your digital problems. The Cliff Noble Community Centre is open Monday to Friday 930am until 3.30pm- free computer use, WIFI, tea/coffee facilities with biscuits.",https://whatson.cityofsydney.nsw.gov.au/events/computer-tablet-and-mobile-phone-tech-support,"Cliff Noble Community Centre, Corner Renwick and Suttor Streets, Alexandria NSW 2015",10am to 12pm,10/10/2022
77,"Computer, tablet and mobile phone tech support","Free, bookings essential",please contact lrobinson@cityofsydney.nsw.gov.au,"Our computer troubleshooting class teacher can help you with problems you are having with your mobile phone or tablet/iPad, your laptop or even one of our onsite computers. The troubleshooting session is relaxed, the teacher checks what each person needs help with and works his way around the group. The session happens every Monday so you can get help each week to solve your digital problems. The Cliff Noble Community Centre is open Monday to Friday 930am until 3.30pm- free computer use, WIFI, tea/coffee facilities with biscuits.",https://whatson.cityofsydney.nsw.gov.au/events/computer-tablet-and-mobile-phone-tech-support,"Cliff Noble Community Centre, Corner Renwick and Suttor Streets, Alexandria NSW 2015",10am to 12pm,17/10/2022
78,"Computer, tablet and mobile phone tech support","Free, bookings essential",please contact lrobinson@cityofsydney.nsw.gov.au,"Our computer troubleshooting class teacher can help you with problems you are having with your mobile phone or tablet/iPad, your laptop or even one of our onsite computers. The troubleshooting session is relaxed, the teacher checks what each person needs help with and works his way around the group. The session happens every Monday so you can get help each week to solve your digital problems. The Cliff Noble Community Centre is open Monday to Friday 930am until 3.30pm- free computer use, WIFI, tea/coffee facilities with biscuits.",https://whatson.cityofsydney.nsw.gov.au/events/computer-tablet-and-mobile-phone-tech-support,"Cliff Noble Community Centre, Corner Renwick and Suttor Streets, Alexandria NSW 2015",10am to 12pm,24/10/2022
79,"Computer, tablet and mobile phone tech support","Free, bookings essential",please contact lrobinson@cityofsydney.nsw.gov.au,"Our computer troubleshooting class teacher can help you with problems you are having with your mobile phone or tablet/iPad, your laptop or even one of our onsite computers. The troubleshooting session is relaxed, the teacher checks what each person needs help with and works his way around the group. The session happens every Monday so you can get help each week to solve your digital problems. The Cliff Noble Community Centre is open Monday to Friday 930am until 3.30pm- free computer use, WIFI, tea/coffee facilities with biscuits.",https://whatson.cityofsydney.nsw.gov.au/events/computer-tablet-and-mobile-phone-tech-support,"Cliff Noble Community Centre, Corner Renwick and Suttor Streets, Alexandria NSW 2015",10am to 12pm,31/10/2022
80,"Computer, tablet and mobile phone tech support","Free, bookings essential",please contact lrobinson@cityofsydney.nsw.gov.au,"Our computer troubleshooting class teacher can help you with problems you are having with your mobile phone or tablet/iPad, your laptop or even one of our onsite computers. The troubleshooting session is relaxed, the teacher checks what each person needs help with and works his way around the group. The session happens every Monday so you can get help each week to solve your digital problems. The Cliff Noble Community Centre is open Monday to Friday 930am until 3.30pm- free computer use, WIFI, tea/coffee facilities with biscuits.",https://whatson.cityofsydney.nsw.gov.au/events/computer-tablet-and-mobile-phone-tech-support,"Cliff Noble Community Centre, Corner Renwick and Suttor Streets, Alexandria NSW 2015",10am to 12pm,7/11/2022
81,"Computer, tablet and mobile phone tech support","Free, bookings essential",please contact lrobinson@cityofsydney.nsw.gov.au,"Our computer troubleshooting class teacher can help you with problems you are having with your mobile phone or tablet/iPad, your laptop or even one of our onsite computers. The troubleshooting session is relaxed, the teacher checks what each person needs help with and works his way around the group. The session happens every Monday so you can get help each week to solve your digital problems. The Cliff Noble Community Centre is open Monday to Friday 930am until 3.30pm- free computer use, WIFI, tea/coffee facilities with biscuits.",https://whatson.cityofsydney.nsw.gov.au/events/computer-tablet-and-mobile-phone-tech-support,"Cliff Noble Community Centre, Corner Renwick and Suttor Streets, Alexandria NSW 2015",10am to 12pm,14/11/2022
82,"Computer, tablet and mobile phone tech support","Free, bookings essential",please contact lrobinson@cityofsydney.nsw.gov.au,"Our computer troubleshooting class teacher can help you with problems you are having with your mobile phone or tablet/iPad, your laptop or even one of our onsite computers. The troubleshooting session is relaxed, the teacher checks what each person needs help with and works his way around the group. The session happens every Monday so you can get help each week to solve your digital problems. The Cliff Noble Community Centre is open Monday to Friday 930am until 3.30pm- free computer use, WIFI, tea/coffee facilities with biscuits.",https://whatson.cityofsydney.nsw.gov.au/events/computer-tablet-and-mobile-phone-tech-support,"Cliff Noble Community Centre, Corner Renwick and Suttor Streets, Alexandria NSW 2015",10am to 12pm,21/11/2022
83,"Computer, tablet and mobile phone tech support","Free, bookings essential",please contact lrobinson@cityofsydney.nsw.gov.au,"Our computer troubleshooting class teacher can help you with problems you are having with your mobile phone or tablet/iPad, your laptop or even one of our onsite computers. The troubleshooting session is relaxed, the teacher checks what each person needs help with and works his way around the group. The session happens every Monday so you can get help each week to solve your digital problems. The Cliff Noble Community Centre is open Monday to Friday 930am until 3.30pm- free computer use, WIFI, tea/coffee facilities with biscuits.",https://whatson.cityofsydney.nsw.gov.au/events/computer-tablet-and-mobile-phone-tech-support,"Cliff Noble Community Centre, Corner Renwick and Suttor Streets, Alexandria NSW 2015",10am to 12pm,28/11/2022
84,"Computer, tablet and mobile phone tech support","Free, bookings essential",please contact lrobinson@cityofsydney.nsw.gov.au,"Our computer troubleshooting class teacher can help you with problems you are having with your mobile phone or tablet/iPad, your laptop or even one of our onsite computers. The troubleshooting session is relaxed, the teacher checks what each person needs help with and works his way around the group. The session happens every Monday so you can get help each week to solve your digital problems. The Cliff Noble Community Centre is open Monday to Friday 930am until 3.30pm- free computer use, WIFI, tea/coffee facilities with biscuits.",https://whatson.cityofsydney.nsw.gov.au/events/computer-tablet-and-mobile-phone-tech-support,"Cliff Noble Community Centre, Corner Renwick and Suttor Streets, Alexandria NSW 2015",10am to 12pm,5/12/2022
85,"Computer, tablet and mobile phone tech support","Free, bookings essential",please contact lrobinson@cityofsydney.nsw.gov.au,"Our computer troubleshooting class teacher can help you with problems you are having with your mobile phone or tablet/iPad, your laptop or even one of our onsite computers. The troubleshooting session is relaxed, the teacher checks what each person needs help with and works his way around the group. The session happens every Monday so you can get help each week to solve your digital problems. The Cliff Noble Community Centre is open Monday to Friday 930am until 3.30pm- free computer use, WIFI, tea/coffee facilities with biscuits.",https://whatson.cityofsydney.nsw.gov.au/events/computer-tablet-and-mobile-phone-tech-support,"Cliff Noble Community Centre, Corner Renwick and Suttor Streets, Alexandria NSW 2015",10am to 12pm,12/12/2022
86,"Computer, tablet and mobile phone tech support","Free, bookings essential",please contact lrobinson@cityofsydney.nsw.gov.au,"Our computer troubleshooting class teacher can help you with problems you are having with your mobile phone or tablet/iPad, your laptop or even one of our onsite computers. The troubleshooting session is relaxed, the teacher checks what each person needs help with and works his way around the group. The session happens every Monday so you can get help each week to solve your digital problems. The Cliff Noble Community Centre is open Monday to Friday 930am until 3.30pm- free computer use, WIFI, tea/coffee facilities with biscuits.",https://whatson.cityofsydney.nsw.gov.au/events/computer-tablet-and-mobile-phone-tech-support,"Cliff Noble Community Centre, Corner Renwick and Suttor Streets, Alexandria NSW 2015",10am to 12pm,19/12/2022
87,Over 55s fitness class,Adult: $9.5 Concession: $4.6,please contact ultimocc@cityofsydney.nsw.gov.au,"The fitness class is a combination of strength training, aerobic exercise and basic movement to improve balance and flexibility. This class is designed for people over 55 looking for a lower impact class that can help benefit day to day life with functional exercises to assist with healthy aging, fall prevention, in a fun, safe and social environment. Physical activity have been proven to prevent and reduce the impact of some lifestyle related chronic diseases as well as extend years of life. If you're coming to the class for the first time please arrive 10 minutes before the class starts to fill in our Pre-Exercise Health Screen Form. If you answer ""yes"" to any of the health conditions listed on the page, it is recommended that you seek medical clearance before participating in the class. If you have any questions or concerns, please call us on (02) 9298 3111",https://whatson.cityofsydney.nsw.gov.au/events/gentle-fitness-class,"Ultimo Community Centre, 40 William Henry Street, Ultimo NSW 2007 ",2pm to 2:45pm,5/10/2022
88,Over 55s fitness class,Adult: $9.5 Concession: $4.6,please contact ultimocc@cityofsydney.nsw.gov.au,"The fitness class is a combination of strength training, aerobic exercise and basic movement to improve balance and flexibility. This class is designed for people over 55 looking for a lower impact class that can help benefit day to day life with functional exercises to assist with healthy aging, fall prevention, in a fun, safe and social environment. Physical activity have been proven to prevent and reduce the impact of some lifestyle related chronic diseases as well as extend years of life. If you're coming to the class for the first time please arrive 10 minutes before the class starts to fill in our Pre-Exercise Health Screen Form. If you answer ""yes"" to any of the health conditions listed on the page, it is recommended that you seek medical clearance before participating in the class. If you have any questions or concerns, please call us on (02) 9298 3111",https://whatson.cityofsydney.nsw.gov.au/events/gentle-fitness-class,"Ultimo Community Centre, 40 William Henry Street, Ultimo NSW 2007 ",2pm to 2:45pm,12/10/2022
89,Seniors social group,Free,no bookings are needed,"Join this friendly group of older people each week at Ron Williams Community Centre in Redfern. This is a great opportunity to get out, meet new people and have fun . Enjoy a cup of tea or coffee, board games and conversation. Just pop in - no bookings are needed. Everyone is welcome. Community bus transport can be arranged for older residents who live in the City of Sydney local area to and from the centre. Please call our community services worker Jack Chen on 02 9265 9180 or email Jchen2@cityofsydney.nsw.gov.au. We aim to deliver inclusive and accessible events. If you have any particular access or communication needs, please contact Jack Chen on 02 9265 9180. The Ron Williams Community Centre is open Monday to Friday 9.30am until 3.30pm. There is free use of computers, scanning, WIFI, snooker and table tennis table, tea/coffee/biscuits, books to borrow and Jack Chen is a bi-lingual English/Mandarin/Cantonese Speaker.",https://whatson.cityofsydney.nsw.gov.au/events/seniors-social-group,"Ron Williams Community Centre, 5-11 Kepos Street, Redfern NSW 2016",10am to 12pm,5/10/2022
90,Seniors social group,Free,no bookings are needed,"Join this friendly group of older people each week at Ron Williams Community Centre in Redfern. This is a great opportunity to get out, meet new people and have fun . Enjoy a cup of tea or coffee, board games and conversation. Just pop in - no bookings are needed. Everyone is welcome. Community bus transport can be arranged for older residents who live in the City of Sydney local area to and from the centre. Please call our community services worker Jack Chen on 02 9265 9180 or email Jchen2@cityofsydney.nsw.gov.au. We aim to deliver inclusive and accessible events. If you have any particular access or communication needs, please contact Jack Chen on 02 9265 9180. The Ron Williams Community Centre is open Monday to Friday 9.30am until 3.30pm. There is free use of computers, scanning, WIFI, snooker and table tennis table, tea/coffee/biscuits, books to borrow and Jack Chen is a bi-lingual English/Mandarin/Cantonese Speaker.",https://whatson.cityofsydney.nsw.gov.au/events/seniors-social-group,"Ron Williams Community Centre, 5-11 Kepos Street, Redfern NSW 2016",10am to 12pm,12/10/2022
91,Seniors social group,Free,no bookings are needed,"Join this friendly group of older people each week at Ron Williams Community Centre in Redfern. This is a great opportunity to get out, meet new people and have fun . Enjoy a cup of tea or coffee, board games and conversation. Just pop in - no bookings are needed. Everyone is welcome. Community bus transport can be arranged for older residents who live in the City of Sydney local area to and from the centre. Please call our community services worker Jack Chen on 02 9265 9180 or email Jchen2@cityofsydney.nsw.gov.au. We aim to deliver inclusive and accessible events. If you have any particular access or communication needs, please contact Jack Chen on 02 9265 9180. The Ron Williams Community Centre is open Monday to Friday 9.30am until 3.30pm. There is free use of computers, scanning, WIFI, snooker and table tennis table, tea/coffee/biscuits, books to borrow and Jack Chen is a bi-lingual English/Mandarin/Cantonese Speaker.",https://whatson.cityofsydney.nsw.gov.au/events/seniors-social-group,"Ron Williams Community Centre, 5-11 Kepos Street, Redfern NSW 2016",10am to 12pm,19/10/2022
92,Seniors social group,Free,no bookings are needed,"Join this friendly group of older people each week at Ron Williams Community Centre in Redfern. This is a great opportunity to get out, meet new people and have fun . Enjoy a cup of tea or coffee, board games and conversation. Just pop in - no bookings are needed. Everyone is welcome. Community bus transport can be arranged for older residents who live in the City of Sydney local area to and from the centre. Please call our community services worker Jack Chen on 02 9265 9180 or email Jchen2@cityofsydney.nsw.gov.au. We aim to deliver inclusive and accessible events. If you have any particular access or communication needs, please contact Jack Chen on 02 9265 9180. The Ron Williams Community Centre is open Monday to Friday 9.30am until 3.30pm. There is free use of computers, scanning, WIFI, snooker and table tennis table, tea/coffee/biscuits, books to borrow and Jack Chen is a bi-lingual English/Mandarin/Cantonese Speaker.",https://whatson.cityofsydney.nsw.gov.au/events/seniors-social-group,"Ron Williams Community Centre, 5-11 Kepos Street, Redfern NSW 2016",10am to 12pm,26/10/2022
93,Seniors social group,Free,no bookings are needed,"Join this friendly group of older people each week at Ron Williams Community Centre in Redfern. This is a great opportunity to get out, meet new people and have fun . Enjoy a cup of tea or coffee, board games and conversation. Just pop in - no bookings are needed. Everyone is welcome. Community bus transport can be arranged for older residents who live in the City of Sydney local area to and from the centre. Please call our community services worker Jack Chen on 02 9265 9180 or email Jchen2@cityofsydney.nsw.gov.au. We aim to deliver inclusive and accessible events. If you have any particular access or communication needs, please contact Jack Chen on 02 9265 9180. The Ron Williams Community Centre is open Monday to Friday 9.30am until 3.30pm. There is free use of computers, scanning, WIFI, snooker and table tennis table, tea/coffee/biscuits, books to borrow and Jack Chen is a bi-lingual English/Mandarin/Cantonese Speaker.",https://whatson.cityofsydney.nsw.gov.au/events/seniors-social-group,"Ron Williams Community Centre, 5-11 Kepos Street, Redfern NSW 2016",10am to 12pm,2/11/2022
94,Seniors social group,Free,no bookings are needed,"Join this friendly group of older people each week at Ron Williams Community Centre in Redfern. This is a great opportunity to get out, meet new people and have fun . Enjoy a cup of tea or coffee, board games and conversation. Just pop in - no bookings are needed. Everyone is welcome. Community bus transport can be arranged for older residents who live in the City of Sydney local area to and from the centre. Please call our community services worker Jack Chen on 02 9265 9180 or email Jchen2@cityofsydney.nsw.gov.au. We aim to deliver inclusive and accessible events. If you have any particular access or communication needs, please contact Jack Chen on 02 9265 9180. The Ron Williams Community Centre is open Monday to Friday 9.30am until 3.30pm. There is free use of computers, scanning, WIFI, snooker and table tennis table, tea/coffee/biscuits, books to borrow and Jack Chen is a bi-lingual English/Mandarin/Cantonese Speaker.",https://whatson.cityofsydney.nsw.gov.au/events/seniors-social-group,"Ron Williams Community Centre, 5-11 Kepos Street, Redfern NSW 2016",10am to 12pm,9/11/2022
95,Seniors social group,Free,no bookings are needed,"Join this friendly group of older people each week at Ron Williams Community Centre in Redfern. This is a great opportunity to get out, meet new people and have fun . Enjoy a cup of tea or coffee, board games and conversation. Just pop in - no bookings are needed. Everyone is welcome. Community bus transport can be arranged for older residents who live in the City of Sydney local area to and from the centre. Please call our community services worker Jack Chen on 02 9265 9180 or email Jchen2@cityofsydney.nsw.gov.au. We aim to deliver inclusive and accessible events. If you have any particular access or communication needs, please contact Jack Chen on 02 9265 9180. The Ron Williams Community Centre is open Monday to Friday 9.30am until 3.30pm. There is free use of computers, scanning, WIFI, snooker and table tennis table, tea/coffee/biscuits, books to borrow and Jack Chen is a bi-lingual English/Mandarin/Cantonese Speaker.",https://whatson.cityofsydney.nsw.gov.au/events/seniors-social-group,"Ron Williams Community Centre, 5-11 Kepos Street, Redfern NSW 2016",10am to 12pm,16/11/2022
96,Seniors social group,Free,no bookings are needed,"Join this friendly group of older people each week at Ron Williams Community Centre in Redfern. This is a great opportunity to get out, meet new people and have fun . Enjoy a cup of tea or coffee, board games and conversation. Just pop in - no bookings are needed. Everyone is welcome. Community bus transport can be arranged for older residents who live in the City of Sydney local area to and from the centre. Please call our community services worker Jack Chen on 02 9265 9180 or email Jchen2@cityofsydney.nsw.gov.au. We aim to deliver inclusive and accessible events. If you have any particular access or communication needs, please contact Jack Chen on 02 9265 9180. The Ron Williams Community Centre is open Monday to Friday 9.30am until 3.30pm. There is free use of computers, scanning, WIFI, snooker and table tennis table, tea/coffee/biscuits, books to borrow and Jack Chen is a bi-lingual English/Mandarin/Cantonese Speaker.",https://whatson.cityofsydney.nsw.gov.au/events/seniors-social-group,"Ron Williams Community Centre, 5-11 Kepos Street, Redfern NSW 2016",10am to 12pm,23/11/2022
97,Seniors social group,Free,no bookings are needed,"Join this friendly group of older people each week at Ron Williams Community Centre in Redfern. This is a great opportunity to get out, meet new people and have fun . Enjoy a cup of tea or coffee, board games and conversation. Just pop in - no bookings are needed. Everyone is welcome. Community bus transport can be arranged for older residents who live in the City of Sydney local area to and from the centre. Please call our community services worker Jack Chen on 02 9265 9180 or email Jchen2@cityofsydney.nsw.gov.au. We aim to deliver inclusive and accessible events. If you have any particular access or communication needs, please contact Jack Chen on 02 9265 9180. The Ron Williams Community Centre is open Monday to Friday 9.30am until 3.30pm. There is free use of computers, scanning, WIFI, snooker and table tennis table, tea/coffee/biscuits, books to borrow and Jack Chen is a bi-lingual English/Mandarin/Cantonese Speaker.",https://whatson.cityofsydney.nsw.gov.au/events/seniors-social-group,"Ron Williams Community Centre, 5-11 Kepos Street, Redfern NSW 2016",10am to 12pm,30/11/2022
98,Seniors social group,Free,no bookings are needed,"Join this friendly group of older people each week at Ron Williams Community Centre in Redfern. This is a great opportunity to get out, meet new people and have fun . Enjoy a cup of tea or coffee, board games and conversation. Just pop in - no bookings are needed. Everyone is welcome. Community bus transport can be arranged for older residents who live in the City of Sydney local area to and from the centre. Please call our community services worker Jack Chen on 02 9265 9180 or email Jchen2@cityofsydney.nsw.gov.au. We aim to deliver inclusive and accessible events. If you have any particular access or communication needs, please contact Jack Chen on 02 9265 9180. The Ron Williams Community Centre is open Monday to Friday 9.30am until 3.30pm. There is free use of computers, scanning, WIFI, snooker and table tennis table, tea/coffee/biscuits, books to borrow and Jack Chen is a bi-lingual English/Mandarin/Cantonese Speaker.",https://whatson.cityofsydney.nsw.gov.au/events/seniors-social-group,"Ron Williams Community Centre, 5-11 Kepos Street, Redfern NSW 2016",10am to 12pm,7/12/2022
99,Seniors social group,Free,no bookings are needed,"Join this friendly group of older people each week at Ron Williams Community Centre in Redfern. This is a great opportunity to get out, meet new people and have fun . Enjoy a cup of tea or coffee, board games and conversation. Just pop in - no bookings are needed. Everyone is welcome. Community bus transport can be arranged for older residents who live in the City of Sydney local area to and from the centre. Please call our community services worker Jack Chen on 02 9265 9180 or email Jchen2@cityofsydney.nsw.gov.au. We aim to deliver inclusive and accessible events. If you have any particular access or communication needs, please contact Jack Chen on 02 9265 9180. The Ron Williams Community Centre is open Monday to Friday 9.30am until 3.30pm. There is free use of computers, scanning, WIFI, snooker and table tennis table, tea/coffee/biscuits, books to borrow and Jack Chen is a bi-lingual English/Mandarin/Cantonese Speaker.",https://whatson.cityofsydney.nsw.gov.au/events/seniors-social-group,"Ron Williams Community Centre, 5-11 Kepos Street, Redfern NSW 2016",10am to 12pm,14/12/2022
100,Seniors social group,Free,no bookings are needed,"Join this friendly group of older people each week at Ron Williams Community Centre in Redfern. This is a great opportunity to get out, meet new people and have fun . Enjoy a cup of tea or coffee, board games and conversation. Just pop in - no bookings are needed. Everyone is welcome. Community bus transport can be arranged for older residents who live in the City of Sydney local area to and from the centre. Please call our community services worker Jack Chen on 02 9265 9180 or email Jchen2@cityofsydney.nsw.gov.au. We aim to deliver inclusive and accessible events. If you have any particular access or communication needs, please contact Jack Chen on 02 9265 9180. The Ron Williams Community Centre is open Monday to Friday 9.30am until 3.30pm. There is free use of computers, scanning, WIFI, snooker and table tennis table, tea/coffee/biscuits, books to borrow and Jack Chen is a bi-lingual English/Mandarin/Cantonese Speaker.",https://whatson.cityofsydney.nsw.gov.au/events/seniors-social-group,"Ron Williams Community Centre, 5-11 Kepos Street, Redfern NSW 2016",10am to 12pm,21/12/2022
101,Digital literacy class,"Free, bookings essential",please contact lrobinson@cityofsydney.nsw.gov.au,"Learn skills to thrive in the online world in this monthly class led by our City of Sydney Library team. Topic: Access to emagazines. You can use one of our devices during the session or bring your own. Bookings are essential as places are limited. We aim to deliver inclusive and accessible events. If you have any particular access or communication needs, please contact Louise at the Cliff Noble Community Centre on 02 9265 9116. The Cliff Noble Community Centre is open Monday to Friday 9.30am to 3.30pm. There is free access to computers, scanning and wifi and coffee and tea making facilities.",https://whatson.cityofsydney.nsw.gov.au/events/library-outreach-sessions-free-digital-literacy-classes,"Cliff Noble Community Centre, Corner Renwick and Suttor Streets, Alexandria NSW 2015",10am to 12pm,24/10/2022
